{"cameraMode":{"drawMode":0,"name":"Shaded","section":"Shading Mode"},"sceneLighting":true,"audioPlay":false,"sceneViewState":{"showFog":true,"showMaterialUpdate":false,"showSkybox":true,"showFlares":true,"showImageEffects":true,"showParticleSystems":true,"showVisualEffectGraphs":true,"m_FxEnabled":true},"in2DMode":false,"pivot":{"x":236.32717895507813,"y":181.32144165039063,"z":-303.41412353515627},"rotation":{"x":0.01980758272111416,"y":0.009307026863098145,"z":-0.00018303291290067136,"w":0.9997715950012207},"size":184.37509155273438,"orthographic":false}