{"cameraMode":{"drawMode":0,"name":"Shaded","section":"Shading Mode"},"sceneLighting":true,"audioPlay":false,"sceneViewState":{"showFog":true,"showMaterialUpdate":false,"showSkybox":true,"showFlares":true,"showImageEffects":true,"showParticleSystems":true,"showVisualEffectGraphs":true,"m_FxEnabled":true},"in2DMode":false,"pivot":{"x":127.3560791015625,"y":444.6625671386719,"z":-115.41524505615235},"rotation":{"x":0.0003096486325375736,"y":-0.03599951043725014,"z":-0.00002339319689781405,"w":0.9993929862976074},"size":437.2181091308594,"orthographic":false}