{"cameraMode":{"drawMode":0,"name":"Shaded","section":"Shading Mode"},"sceneLighting":true,"audioPlay":false,"sceneViewState":{"showFog":true,"showMaterialUpdate":false,"showSkybox":true,"showFlares":true,"showImageEffects":true,"showParticleSystems":true,"showVisualEffectGraphs":true,"m_FxEnabled":true},"in2DMode":false,"pivot":{"x":7.801416873931885,"y":-51.449317932128909,"z":54.889976501464847},"rotation":{"x":0.021199269220232965,"y":-0.7450606822967529,"z":0.023708360269665719,"w":0.6662405133247376},"size":29.558090209960939,"orthographic":false}