{"cameraMode":{"drawMode":0,"name":"Shaded","section":"Shading Mode"},"sceneLighting":true,"audioPlay":false,"sceneViewState":{"showFog":true,"showMaterialUpdate":false,"showSkybox":true,"showFlares":true,"showImageEffects":true,"showParticleSystems":true,"showVisualEffectGraphs":true,"m_FxEnabled":true},"in2DMode":false,"pivot":{"x":8.910709381103516,"y":-8.926705360412598,"z":31.757930755615236},"rotation":{"x":0.08315329998731613,"y":0.15628598630428315,"z":-0.013310100883245469,"w":0.9841556549072266},"size":27.461532592773439,"orthographic":false}