{"cameraMode":{"drawMode":0,"name":"Shaded","section":"Shading Mode"},"sceneLighting":true,"audioPlay":false,"sceneViewState":{"showFog":true,"showMaterialUpdate":false,"showSkybox":true,"showFlares":true,"showImageEffects":true,"showParticleSystems":true,"showVisualEffectGraphs":true,"m_FxEnabled":true},"in2DMode":false,"pivot":{"x":626.0753173828125,"y":367.1348571777344,"z":-51.07985305786133},"rotation":{"x":-0.012309045530855656,"y":-0.006901728920638561,"z":0.00008372033335035667,"w":-0.9999061822891235},"size":497.7266540527344,"orthographic":false}