{"cameraMode":{"drawMode":0,"name":"Shaded","section":"Shading Mode"},"sceneLighting":true,"audioPlay":false,"sceneViewState":{"showFog":true,"showMaterialUpdate":false,"showSkybox":true,"showFlares":true,"showImageEffects":true,"showParticleSystems":true,"showVisualEffectGraphs":true,"m_FxEnabled":true},"in2DMode":false,"pivot":{"x":455.7304382324219,"y":246.40533447265626,"z":-46.06294250488281},"rotation":{"x":0.019187716767191888,"y":-0.012902154587209225,"z":-0.000300010695355013,"w":-0.9997909665107727},"size":500.4941101074219,"orthographic":false}