{"cameraMode":{"drawMode":0,"name":"Shaded","section":"Shading Mode"},"sceneLighting":true,"audioPlay":false,"sceneViewState":{"showFog":true,"showMaterialUpdate":false,"showSkybox":true,"showFlares":true,"showImageEffects":true,"showParticleSystems":true,"showVisualEffectGraphs":true,"m_FxEnabled":true},"in2DMode":false,"pivot":{"x":429.5333251953125,"y":197.53314208984376,"z":-49.552101135253909},"rotation":{"x":-0.0746251568198204,"y":0.011116903275251389,"z":0.0006894597900100052,"w":0.9972451329231262},"size":311.05255126953127,"orthographic":false}