{"cameraMode":{"drawMode":0,"name":"Shaded","section":"Shading Mode"},"sceneLighting":true,"audioPlay":false,"sceneViewState":{"showFog":true,"showMaterialUpdate":false,"showSkybox":true,"showFlares":true,"showImageEffects":true,"showParticleSystems":true,"showVisualEffectGraphs":true,"m_FxEnabled":true},"in2DMode":false,"pivot":{"x":312.96575927734377,"y":270.2751159667969,"z":-71.28900909423828},"rotation":{"x":0.013809631578624249,"y":0.0030001120176166298,"z":-0.00003718187872436829,"w":0.9999861121177673},"size":610.8634643554688,"orthographic":false}