{"cameraMode":{"drawMode":0,"name":"Shaded","section":"Shading Mode"},"sceneLighting":true,"audioPlay":false,"sceneViewState":{"showFog":true,"showMaterialUpdate":false,"showSkybox":true,"showFlares":true,"showImageEffects":true,"showParticleSystems":true,"showVisualEffectGraphs":true,"m_FxEnabled":true},"in2DMode":false,"pivot":{"x":3.8577113151550295,"y":-79.18670654296875,"z":338.8578186035156},"rotation":{"x":0.13786807656288148,"y":0.006249353289604187,"z":-0.0008673160918988287,"w":0.9904422760009766},"size":260.6605529785156,"orthographic":false}