{"cameraMode":{"drawMode":0,"name":"Shaded","section":"Shading Mode"},"sceneLighting":true,"audioPlay":false,"sceneViewState":{"showFog":true,"showMaterialUpdate":false,"showSkybox":true,"showFlares":true,"showImageEffects":true,"showParticleSystems":true,"showVisualEffectGraphs":true,"m_FxEnabled":true},"in2DMode":false,"pivot":{"x":-77.96249389648438,"y":48.692317962646487,"z":23.13934326171875},"rotation":{"x":-0.09462761133909226,"y":0.02896180748939514,"z":-0.002754269866272807,"w":-0.9950889945030212},"size":25.389938354492189,"orthographic":false}