{"cameraMode":{"drawMode":0,"name":"Shaded","section":"Shading Mode"},"sceneLighting":true,"audioPlay":false,"sceneViewState":{"showFog":true,"showMaterialUpdate":false,"showSkybox":true,"showFlares":true,"showImageEffects":true,"showParticleSystems":true,"showVisualEffectGraphs":true,"m_FxEnabled":true},"in2DMode":false,"pivot":{"x":1.888277530670166,"y":-0.8899601697921753,"z":0.07276657223701477},"rotation":{"x":0.23454898595809937,"y":-0.24474631249904633,"z":0.06111540645360947,"w":0.938845694065094},"size":7.244753360748291,"orthographic":false}