{"cameraMode":{"drawMode":0,"name":"Shaded","section":"Shading Mode"},"sceneLighting":true,"audioPlay":false,"sceneViewState":{"showFog":true,"showMaterialUpdate":false,"showSkybox":true,"showFlares":true,"showImageEffects":true,"showParticleSystems":true,"showVisualEffectGraphs":true,"m_FxEnabled":true},"in2DMode":false,"pivot":{"x":429.5889892578125,"y":671.2784423828125,"z":-0.44522225856781008},"rotation":{"x":-0.0782223790884018,"y":0.014054610393941403,"z":-0.0010955743491649628,"w":-0.9968438744544983},"size":233.65650939941407,"orthographic":false}