{"cameraMode":{"drawMode":0,"name":"Shaded","section":"Shading Mode"},"sceneLighting":true,"audioPlay":false,"sceneViewState":{"showFog":true,"showMaterialUpdate":false,"showSkybox":true,"showFlares":true,"showImageEffects":true,"showParticleSystems":true,"showVisualEffectGraphs":true,"m_FxEnabled":true},"in2DMode":false,"pivot":{"x":5.723377227783203,"y":6.933300971984863,"z":-9.84514331817627},"rotation":{"x":0.18398618698120118,"y":-0.26608920097351076,"z":0.051767587661743167,"w":0.9448363780975342},"size":0.13433438539505006,"orthographic":false}