{"cameraMode":{"drawMode":0,"name":"Shaded","section":"Shading Mode"},"sceneLighting":true,"audioPlay":false,"sceneViewState":{"showFog":true,"showMaterialUpdate":false,"showSkybox":true,"showFlares":true,"showImageEffects":true,"showParticleSystems":true,"showVisualEffectGraphs":true,"m_FxEnabled":true},"in2DMode":false,"pivot":{"x":12.717453002929688,"y":9.438316345214844,"z":-15.695165634155274},"rotation":{"x":-0.07517638057470322,"y":-0.042777419090270999,"z":0.003172025317326188,"w":-0.9963107109069824},"size":17.197101593017579,"orthographic":false}