{"cameraMode":{"drawMode":0,"name":"Shaded","section":"Shading Mode"},"sceneLighting":true,"audioPlay":false,"sceneViewState":{"showFog":true,"showMaterialUpdate":false,"showSkybox":true,"showFlares":true,"showImageEffects":true,"showParticleSystems":true,"showVisualEffectGraphs":true,"m_FxEnabled":true},"in2DMode":false,"pivot":{"x":19.464191436767579,"y":-49.255760192871097,"z":486.378173828125},"rotation":{"x":-0.05875566974282265,"y":-0.026353953406214715,"z":0.0015497927088290454,"w":-0.9979305267333984},"size":278.5824279785156,"orthographic":false}