{"cameraMode":{"drawMode":0,"name":"Shaded","section":"Shading Mode"},"sceneLighting":true,"audioPlay":false,"sceneViewState":{"showFog":true,"showMaterialUpdate":false,"showSkybox":true,"showFlares":true,"showImageEffects":true,"showParticleSystems":true,"showVisualEffectGraphs":true,"m_FxEnabled":true},"in2DMode":false,"pivot":{"x":195.0815887451172,"y":142.6127471923828,"z":23.343082427978517},"rotation":{"x":0.024259094148874284,"y":-0.06742876768112183,"z":0.0015693168388679624,"w":0.9975409507751465},"size":155.42645263671876,"orthographic":false}