{"cameraMode":{"drawMode":0,"name":"Shaded","section":"Shading Mode"},"sceneLighting":true,"audioPlay":false,"sceneViewState":{"showFog":true,"showMaterialUpdate":false,"showSkybox":true,"showFlares":true,"showImageEffects":true,"showParticleSystems":true,"showVisualEffectGraphs":true,"m_FxEnabled":true},"in2DMode":false,"pivot":{"x":300.5826416015625,"y":765.9340209960938,"z":-150.36203002929688},"rotation":{"x":0.04828692227602005,"y":-0.016489753499627115,"z":0.0007336210110224783,"w":0.9987452030181885},"size":44.21653366088867,"orthographic":false}