{"cameraMode":{"drawMode":0,"name":"Shaded","section":"Shading Mode"},"sceneLighting":true,"audioPlay":false,"sceneViewState":{"showFog":true,"showMaterialUpdate":false,"showSkybox":true,"showFlares":true,"showImageEffects":true,"showParticleSystems":true,"showVisualEffectGraphs":true,"m_FxEnabled":true},"in2DMode":false,"pivot":{"x":1.4174846410751343,"y":-2.009005069732666,"z":10.397283554077149},"rotation":{"x":0.16011890769004823,"y":0.011844636872410775,"z":-0.0019265703158453107,"w":0.9871108531951904},"size":12.587668418884278,"orthographic":false}