{"cameraMode":{"drawMode":0,"name":"Shaded","section":"Shading Mode"},"sceneLighting":true,"audioPlay":false,"sceneViewState":{"showFog":true,"showMaterialUpdate":false,"showSkybox":true,"showFlares":true,"showImageEffects":true,"showParticleSystems":true,"showVisualEffectGraphs":true,"m_FxEnabled":true},"in2DMode":false,"pivot":{"x":-1.6649398803710938,"y":11.61638069152832,"z":13.302078247070313},"rotation":{"x":-0.1274632215499878,"y":-0.008342391811311245,"z":0.0010302007431164384,"w":-0.991848886013031},"size":86.67229461669922,"orthographic":false}