{"cameraMode":{"drawMode":0,"name":"Shaded","section":"Shading Mode"},"sceneLighting":true,"audioPlay":false,"sceneViewState":{"showFog":true,"showMaterialUpdate":false,"showSkybox":true,"showFlares":true,"showImageEffects":true,"showParticleSystems":true,"showVisualEffectGraphs":true,"m_FxEnabled":true},"in2DMode":false,"pivot":{"x":556.0663452148438,"y":206.7060089111328,"z":253.59849548339845},"rotation":{"x":-0.012309045530855656,"y":-0.006901728920638561,"z":0.00008372033335035667,"w":-0.9999061822891235},"size":504.1004638671875,"orthographic":false}