{"cameraMode":{"drawMode":0,"name":"Shaded","section":"Shading Mode"},"sceneLighting":true,"audioPlay":false,"sceneViewState":{"showFog":true,"showMaterialUpdate":false,"showSkybox":true,"showFlares":true,"showImageEffects":true,"showParticleSystems":true,"showVisualEffectGraphs":true,"m_FxEnabled":true},"in2DMode":false,"pivot":{"x":-0.312594473361969,"y":-0.512243926525116,"z":-15.031283378601075},"rotation":{"x":0.04079699516296387,"y":-0.01348790992051363,"z":0.0005721367779187858,"w":0.9991629719734192},"size":4.749855041503906,"orthographic":false}