{"cameraMode":{"drawMode":0,"name":"Shaded","section":"Shading Mode"},"sceneLighting":true,"audioPlay":false,"sceneViewState":{"showFog":true,"showMaterialUpdate":false,"showSkybox":true,"showFlares":true,"showImageEffects":true,"showParticleSystems":true,"showVisualEffectGraphs":true,"m_FxEnabled":true},"in2DMode":false,"pivot":{"x":420.0064697265625,"y":710.2299194335938,"z":-149.9676513671875},"rotation":{"x":0.018307870253920556,"y":0.0029934465419501068,"z":-0.00007906043902039528,"w":0.9998652338981628},"size":453.053466796875,"orthographic":false}