{"cameraMode":{"drawMode":0,"name":"Shaded","section":"Shading Mode"},"sceneLighting":true,"audioPlay":false,"sceneViewState":{"showFog":true,"showMaterialUpdate":false,"showSkybox":true,"showFlares":true,"showImageEffects":true,"showParticleSystems":true,"showVisualEffectGraphs":true,"m_FxEnabled":true},"in2DMode":false,"pivot":{"x":545.6968994140625,"y":207.8825225830078,"z":-34.3884162902832},"rotation":{"x":-0.055766504257917407,"y":0.023058300837874414,"z":-0.0012830710038542748,"w":-0.9981902837753296},"size":384.2192687988281,"orthographic":true}