{"cameraMode":{"drawMode":0,"name":"Shaded","section":"Shading Mode"},"sceneLighting":true,"audioPlay":false,"sceneViewState":{"showFog":true,"showMaterialUpdate":false,"showSkybox":true,"showFlares":true,"showImageEffects":true,"showParticleSystems":true,"showVisualEffectGraphs":true,"m_FxEnabled":true},"in2DMode":false,"pivot":{"x":269.1957702636719,"y":136.8141326904297,"z":-62.10762405395508},"rotation":{"x":-0.09160778671503067,"y":0.040912143886089328,"z":-0.0037690596655011179,"w":-0.9949952960014343},"size":397.0043640136719,"orthographic":false}