{"cameraMode":{"drawMode":0,"name":"Shaded","section":"Shading Mode"},"sceneLighting":true,"audioPlay":false,"sceneViewState":{"showFog":true,"showMaterialUpdate":false,"showSkybox":true,"showFlares":true,"showImageEffects":true,"showParticleSystems":true,"showVisualEffectGraphs":true,"m_FxEnabled":true},"in2DMode":false,"pivot":{"x":471.79718017578127,"y":140.86309814453126,"z":-197.1626434326172},"rotation":{"x":-0.0422954224050045,"y":-0.00839607696980238,"z":0.0003555447328835726,"w":-0.9990717172622681},"size":249.11990356445313,"orthographic":false}