{"cameraMode":{"drawMode":0,"name":"Shaded","section":"Shading Mode"},"sceneLighting":true,"audioPlay":false,"sceneViewState":{"showFog":true,"showMaterialUpdate":false,"showSkybox":true,"showFlares":true,"showImageEffects":true,"showParticleSystems":true,"showVisualEffectGraphs":true,"m_FxEnabled":true},"in2DMode":false,"pivot":{"x":2.7798116207122804,"y":-0.33983391523361208,"z":-0.016166040673851968},"rotation":{"x":0.1879490315914154,"y":-0.17863932251930238,"z":0.03479182720184326,"w":0.9652584195137024},"size":7.422493934631348,"orthographic":false}