{"cameraMode":{"drawMode":0,"name":"Shaded","section":"Shading Mode"},"sceneLighting":true,"audioPlay":false,"sceneViewState":{"showFog":true,"showMaterialUpdate":false,"showSkybox":true,"showFlares":true,"showImageEffects":true,"showParticleSystems":true,"showVisualEffectGraphs":true,"m_FxEnabled":true},"in2DMode":false,"pivot":{"x":287.54534912109377,"y":368.4251708984375,"z":-415.9495849609375},"rotation":{"x":0.011690614745020867,"y":0.009595426730811596,"z":0.00005560131467063911,"w":-0.9999454617500305},"size":168.2659149169922,"orthographic":false}