{"cameraMode":{"drawMode":0,"name":"Shaded","section":"Shading Mode"},"sceneLighting":true,"audioPlay":false,"sceneViewState":{"showFog":true,"showMaterialUpdate":false,"showSkybox":true,"showFlares":true,"showImageEffects":true,"showParticleSystems":true,"showVisualEffectGraphs":true,"m_FxEnabled":true},"in2DMode":false,"pivot":{"x":1.3645193576812745,"y":-67.21053314208985,"z":178.20587158203126},"rotation":{"x":-0.10362914204597473,"y":-0.0038904650136828424,"z":0.0003453392127994448,"w":-0.9946690201759338},"size":162.43385314941407,"orthographic":false}