{"cameraMode":{"drawMode":0,"name":"Shaded","section":"Shading Mode"},"sceneLighting":true,"audioPlay":false,"sceneViewState":{"showFog":true,"showMaterialUpdate":false,"showSkybox":true,"showFlares":true,"showImageEffects":true,"showParticleSystems":true,"showVisualEffectGraphs":true,"m_FxEnabled":true},"in2DMode":false,"pivot":{"x":543.11279296875,"y":195.63607788085938,"z":340.80096435546877},"rotation":{"x":-0.05278128385543823,"y":-0.017383990809321405,"z":0.0008663212647661567,"w":-0.9985145926475525},"size":998.0916137695313,"orthographic":false}