{"cameraMode":{"drawMode":0,"name":"Shaded","section":"Shading Mode"},"sceneLighting":true,"audioPlay":false,"sceneViewState":{"showFog":true,"showMaterialUpdate":false,"showSkybox":true,"showFlares":true,"showImageEffects":true,"showParticleSystems":true,"showVisualEffectGraphs":true,"m_FxEnabled":true},"in2DMode":false,"pivot":{"x":534.3968505859375,"y":514.9414672851563,"z":-426.63897705078127},"rotation":{"x":-0.058768220245838168,"y":-0.015873732045292856,"z":0.0009388077887706459,"w":-0.9981516003608704},"size":103.78199005126953,"orthographic":false}