{"cameraMode":{"drawMode":0,"name":"Shaded","section":"Shading Mode"},"sceneLighting":false,"audioPlay":false,"sceneViewState":{"showFog":true,"showMaterialUpdate":false,"showSkybox":false,"showFlares":true,"showImageEffects":true,"showParticleSystems":true,"showVisualEffectGraphs":true,"m_FxEnabled":true},"in2DMode":false,"pivot":{"x":0.4014472961425781,"y":0.3821992874145508,"z":-0.3185081481933594},"rotation":{"x":0.18063032627105714,"y":0.21780870854854585,"z":-0.04107314720749855,"w":0.9582996368408203},"size":8.757444381713868,"orthographic":false}