{"cameraMode":{"drawMode":0,"name":"Shaded","section":"Shading Mode"},"sceneLighting":false,"audioPlay":false,"sceneViewState":{"showFog":true,"showMaterialUpdate":false,"showSkybox":false,"showFlares":true,"showImageEffects":true,"showParticleSystems":true,"showVisualEffectGraphs":true,"m_FxEnabled":true},"in2DMode":false,"pivot":{"x":-0.02376556396484375,"y":-0.04214954376220703,"z":-0.11569094657897949},"rotation":{"x":0.31929656863212588,"y":0.2231227606534958,"z":-0.07765242457389832,"w":0.9177836775779724},"size":4.204340934753418,"orthographic":false}