{"cameraMode":{"drawMode":0,"name":"Shaded","section":"Shading Mode"},"sceneLighting":false,"audioPlay":false,"sceneViewState":{"showFog":true,"showMaterialUpdate":false,"showSkybox":false,"showFlares":true,"showImageEffects":true,"showParticleSystems":true,"showVisualEffectGraphs":true,"m_FxEnabled":true},"in2DMode":false,"pivot":{"x":0.4014472961425781,"y":0.3821992874145508,"z":-0.3185081481933594},"rotation":{"x":0.13305450975894929,"y":0.07277179509401322,"z":-0.009812603704631329,"w":0.9884319305419922},"size":8.757444381713868,"orthographic":false}