{"cameraMode":{"drawMode":0,"name":"Shaded","section":"Shading Mode"},"sceneLighting":true,"audioPlay":false,"sceneViewState":{"showFog":true,"showMaterialUpdate":false,"showSkybox":true,"showFlares":true,"showImageEffects":true,"showParticleSystems":true,"showVisualEffectGraphs":true,"m_FxEnabled":true},"in2DMode":false,"pivot":{"x":0.11255480349063873,"y":0.1758478581905365,"z":-0.42301809787750246},"rotation":{"x":-0.16238601505756379,"y":-0.1599835306406021,"z":0.02668791078031063,"w":-0.9733483791351318},"size":3.668102264404297,"orthographic":false}