{"cameraMode":{"drawMode":0,"name":"Shaded","section":"Shading Mode"},"sceneLighting":true,"audioPlay":false,"sceneViewState":{"showFog":true,"showMaterialUpdate":false,"showSkybox":true,"showFlares":true,"showImageEffects":true,"showParticleSystems":true,"showVisualEffectGraphs":true,"m_FxEnabled":true},"in2DMode":false,"pivot":{"x":-0.0490170493721962,"y":1.5847671031951905,"z":0.8770087957382202},"rotation":{"x":0.035672154277563098,"y":0.5433176755905151,"z":-0.02275773696601391,"w":0.838807225227356},"size":5.245572090148926,"orthographic":false}