{"cameraMode":{"drawMode":0,"name":"Shaded","section":"Shading Mode"},"sceneLighting":false,"audioPlay":false,"sceneViewState":{"showFog":true,"showMaterialUpdate":false,"showSkybox":false,"showFlares":true,"showImageEffects":true,"showParticleSystems":true,"showVisualEffectGraphs":true,"m_FxEnabled":true},"in2DMode":false,"pivot":{"x":-0.021214723587036134,"y":0.09969747066497803,"z":-0.2861112356185913},"rotation":{"x":-0.014970831573009491,"y":-0.980379581451416,"z":0.1787143498659134,"w":-0.0822625532746315},"size":1.7063102722167969,"orthographic":false}