{"cameraMode":{"drawMode":0,"name":"Shaded","section":"Shading Mode"},"sceneLighting":false,"audioPlay":false,"sceneViewState":{"showFog":true,"showMaterialUpdate":false,"showSkybox":false,"showFlares":true,"showImageEffects":true,"showParticleSystems":true,"showVisualEffectGraphs":true,"m_FxEnabled":true},"in2DMode":false,"pivot":{"x":-0.021214723587036134,"y":0.09969747066497803,"z":-0.2861112356185913},"rotation":{"x":-0.07435307651758194,"y":-0.9187172055244446,"z":0.2091291844844818,"w":-0.32675695419311526},"size":1.7063102722167969,"orthographic":false}