{"cameraMode":{"drawMode":0,"name":"Shaded","section":"Shading Mode"},"sceneLighting":false,"audioPlay":false,"sceneViewState":{"showFog":true,"showMaterialUpdate":false,"showSkybox":false,"showFlares":true,"showImageEffects":true,"showParticleSystems":true,"showVisualEffectGraphs":true,"m_FxEnabled":true},"in2DMode":false,"pivot":{"x":-0.021214723587036134,"y":0.09969747066497803,"z":-0.2861112356185913},"rotation":{"x":0.33001601696014407,"y":0.002818796783685684,"z":-0.0010148065630346537,"w":0.9440106749534607},"size":5.021878719329834,"orthographic":false}