{"cameraMode":{"drawMode":0,"name":"Shaded","section":"Shading Mode"},"sceneLighting":false,"audioPlay":false,"sceneViewState":{"showFog":true,"showMaterialUpdate":false,"showSkybox":false,"showFlares":true,"showImageEffects":true,"showParticleSystems":true,"showVisualEffectGraphs":true,"m_FxEnabled":true},"in2DMode":false,"pivot":{"x":-0.021214723587036134,"y":0.09969747066497803,"z":-0.2861112356185913},"rotation":{"x":0.004370398819446564,"y":-0.7253368496894836,"z":0.004550503566861153,"w":0.6884201169013977},"size":1.7063102722167969,"orthographic":false}