{"cameraMode":{"drawMode":0,"name":"Shaded","section":"Shading Mode"},"sceneLighting":false,"audioPlay":false,"sceneViewState":{"showFog":true,"showMaterialUpdate":false,"showSkybox":false,"showFlares":true,"showImageEffects":true,"showParticleSystems":true,"showVisualEffectGraphs":true,"m_FxEnabled":true},"in2DMode":false,"pivot":{"x":-0.021214723587036134,"y":0.09969747066497803,"z":-0.2861112356185913},"rotation":{"x":0.051616404205560687,"y":-0.7599974274635315,"z":0.06076332554221153,"w":0.6450758576393127},"size":2.3063101768493654,"orthographic":false}