{"cameraMode":{"drawMode":0,"name":"Shaded","section":"Shading Mode"},"sceneLighting":true,"audioPlay":false,"sceneViewState":{"showFog":true,"showMaterialUpdate":false,"showSkybox":true,"showFlares":true,"showImageEffects":true,"showParticleSystems":true,"showVisualEffectGraphs":true,"m_FxEnabled":true},"in2DMode":false,"pivot":{"x":-9.251648902893067,"y":-14.551292419433594,"z":-38.827388763427737},"rotation":{"x":0.11079239845275879,"y":0.07180297374725342,"z":-0.008010189980268479,"w":0.9912379384040833},"size":74.14985656738281,"orthographic":false}