{"cameraMode":{"drawMode":0,"name":"Shaded","section":"Shading Mode"},"sceneLighting":true,"audioPlay":false,"sceneViewState":{"showFog":true,"showMaterialUpdate":false,"showSkybox":true,"showFlares":true,"showImageEffects":true,"showParticleSystems":true,"showVisualEffectGraphs":true,"m_FxEnabled":true},"in2DMode":false,"pivot":{"x":580.8993530273438,"y":363.0301818847656,"z":-180.7509765625},"rotation":{"x":-0.002691528992727399,"y":-0.00419051107019186,"z":-0.0000025844722131296295,"w":1.0000077486038209},"size":256.9100036621094,"orthographic":false}