{"cameraMode":{"drawMode":0,"name":"Shaded","section":"Shading Mode"},"sceneLighting":true,"audioPlay":false,"sceneViewState":{"showFog":true,"showMaterialUpdate":false,"showSkybox":true,"showFlares":true,"showImageEffects":true,"showParticleSystems":true,"showVisualEffectGraphs":true,"m_FxEnabled":true},"in2DMode":false,"pivot":{"x":465.3528137207031,"y":446.7573547363281,"z":-37.71479797363281},"rotation":{"x":0.06025567278265953,"y":0.0242640171200037,"z":-0.0014564782613888383,"w":0.9979081153869629},"size":359.33502197265627,"orthographic":false}