{"cameraMode":{"drawMode":0,"name":"Shaded","section":"Shading Mode"},"sceneLighting":true,"audioPlay":false,"sceneViewState":{"showFog":true,"showMaterialUpdate":false,"showSkybox":true,"showFlares":true,"showImageEffects":true,"showParticleSystems":true,"showVisualEffectGraphs":true,"m_FxEnabled":true},"in2DMode":false,"pivot":{"x":625.707275390625,"y":341.10040283203127,"z":-47.086647033691409},"rotation":{"x":0.06175660714507103,"y":0.02126823179423809,"z":-0.0013076224131509662,"w":0.9978840351104736},"size":319.1834716796875,"orthographic":false}