{"cameraMode":{"drawMode":0,"name":"Shaded","section":"Shading Mode"},"sceneLighting":true,"audioPlay":false,"sceneViewState":{"showFog":true,"showMaterialUpdate":false,"showSkybox":true,"showFlares":true,"showImageEffects":true,"showParticleSystems":true,"showVisualEffectGraphs":true,"m_FxEnabled":true},"in2DMode":false,"pivot":{"x":463.7918395996094,"y":143.40391540527345,"z":-27.430850982666017},"rotation":{"x":0.06025567278265953,"y":0.0242640171200037,"z":-0.0014564782613888383,"w":0.9979081153869629},"size":169.91091918945313,"orthographic":false}