{"cameraMode":{"drawMode":0,"name":"Shaded","section":"Shading Mode"},"sceneLighting":true,"audioPlay":false,"sceneViewState":{"showFog":true,"showMaterialUpdate":false,"showSkybox":true,"showFlares":true,"showImageEffects":true,"showParticleSystems":true,"showVisualEffectGraphs":true,"m_FxEnabled":true},"in2DMode":false,"pivot":{"x":425.66607666015627,"y":239.3939971923828,"z":-48.944095611572269},"rotation":{"x":-0.03778120130300522,"y":-0.03237536922097206,"z":0.0012010145001113415,"w":-0.9987818002700806},"size":366.6153564453125,"orthographic":false}