{"cameraMode":{"drawMode":0,"name":"Shaded","section":"Shading Mode"},"sceneLighting":true,"audioPlay":false,"sceneViewState":{"showFog":true,"showMaterialUpdate":false,"showSkybox":true,"showFlares":true,"showImageEffects":true,"showParticleSystems":true,"showVisualEffectGraphs":true,"m_FxEnabled":true},"in2DMode":false,"pivot":{"x":68.58905029296875,"y":325.6663513183594,"z":110.81459045410156},"rotation":{"x":0.012229938991367817,"y":0.11374197155237198,"z":-0.0014076904626563192,"w":0.9934627413749695},"size":539.838134765625,"orthographic":false}