{"cameraMode":{"drawMode":0,"name":"Shaded","section":"Shading Mode"},"sceneLighting":false,"audioPlay":false,"sceneViewState":{"showFog":true,"showMaterialUpdate":false,"showSkybox":false,"showFlares":true,"showImageEffects":true,"showParticleSystems":true,"showVisualEffectGraphs":true,"m_FxEnabled":true},"in2DMode":false,"pivot":{"x":2.9802322387695315e-8,"y":0.0029074549674987795,"z":-0.04781985282897949},"rotation":{"x":-0.223136767745018,"y":-0.26871439814567568,"z":0.06414017826318741,"w":-0.9348236322402954},"size":0.9455932974815369,"orthographic":false}