{"cameraMode":{"drawMode":0,"name":"Shaded","section":"Shading Mode"},"sceneLighting":true,"audioPlay":false,"sceneViewState":{"showFog":true,"showMaterialUpdate":false,"showSkybox":false,"showFlares":true,"showImageEffects":true,"showParticleSystems":true,"showVisualEffectGraphs":true,"m_FxEnabled":true},"in2DMode":false,"pivot":{"x":0.307891845703125,"y":-55.89745330810547,"z":1.4842987060546876},"rotation":{"x":0.19773443043231965,"y":0.08546806126832962,"z":-0.017338352277874948,"w":0.9764238595962524},"size":114.93367767333985,"orthographic":false}