{"cameraMode":{"drawMode":0,"name":"Shaded","section":"Shading Mode"},"sceneLighting":false,"audioPlay":false,"sceneViewState":{"showFog":true,"showMaterialUpdate":false,"showSkybox":false,"showFlares":true,"showImageEffects":true,"showParticleSystems":true,"showVisualEffectGraphs":true,"m_FxEnabled":true},"in2DMode":false,"pivot":{"x":0.05000000074505806,"y":0.05724626034498215,"z":0.04399999976158142},"rotation":{"x":0.05998807027935982,"y":-0.9120122194290161,"z":0.14369726181030274,"w":0.38019058108329775},"size":0.3520260453224182,"orthographic":false}