{"cameraMode":{"drawMode":0,"name":"Shaded","section":"Shading Mode"},"sceneLighting":false,"audioPlay":false,"sceneViewState":{"showFog":true,"showMaterialUpdate":false,"showSkybox":false,"showFlares":true,"showImageEffects":true,"showParticleSystems":true,"showVisualEffectGraphs":true,"m_FxEnabled":true},"in2DMode":false,"pivot":{"x":436.35382080078127,"y":284.950439453125,"z":0.13910329341888429},"rotation":{"x":-0.031803857535123828,"y":-0.0009029150241985917,"z":0.000005505572062247666,"w":-0.9995156526565552},"size":335.8325500488281,"orthographic":false}